{
  "47": {
    "N": 45,
    "spectral_gap": -1.6174713415323896,
    "max_prim": -5.0356431712781684e-05,
    "total_perturbation": 3.351242617485783e-14,
    "certified_max": -5.035643167926926e-05,
    "certified": true,
    "margin": 5.035643167926926e-05,
    "eigs_prim_top5": [
      -0.0003142562685686962,
      -0.00014802989184515926,
      -0.00011109080606874701,
      -6.658583778504852e-05,
      -5.0356431712781684e-05
    ],
    "eigs_prim_bot5": [
      -1.6174713415323896,
      -1.1721543110823562,
      -0.8280266366869596,
      -0.6467742241698063,
      -0.5221526547476905
    ]
  },
  "67": {
    "N": 57,
    "spectral_gap": -1.7161273171909919,
    "max_prim": -1.9015970685856598e-05,
    "total_perturbation": 4.293562142683822e-14,
    "certified_max": -1.9015970642920975e-05,
    "certified": true,
    "margin": 1.9015970642920975e-05,
    "eigs_prim_top5": [
      -6.183097002622049e-05,
      -5.023196574007116e-05,
      -3.7920075255793773e-05,
      -2.4336036497185762e-05,
      -1.9015970685856598e-05
    ],
    "eigs_prim_bot5": [
      -1.7161273171909919,
      -1.2329127089475684,
      -0.8702042083848279,
      -0.6867316456233252,
      -0.5392936518924358
    ]
  },
  "79": {
    "N": 66,
    "spectral_gap": -1.774163446036344,
    "max_prim": -1.140138953841905e-05,
    "total_perturbation": 5.0214006808206153e-14,
    "certified_max": -1.1401389488205043e-05,
    "certified": true,
    "margin": 1.1401389488205043e-05,
    "eigs_prim_top5": [
      -3.2970539774143525e-05,
      -2.0191042138695186e-05,
      -1.7686769612531246e-05,
      -1.318397549954404e-05,
      -1.140138953841905e-05
    ],
    "eigs_prim_bot5": [
      -1.774163446036344,
      -1.27057939137429,
      -0.8958757736971226,
      -0.7115932033894747,
      -0.5526668563637259
    ]
  }
}